City_ID,City,Country,Lat,Lng,Max Temp,Humidity,Cloudiness,Wind Speed,Current Description
0,Ushuaia,AR,-54.8,-68.3,37.06,87,75,4.61,broken clouds
1,Felanitx,ES,39.4696,3.1483,77.13,86,16,7.36,few clouds
2,Hasaki,JP,35.7333,140.8333,90.28,75,22,12.15,few clouds
3,Sitka,US,57.0531,-135.33,57.09,82,75,12.66,light rain
4,Touros,BR,-5.1989,-35.4608,74.3,80,0,15.28,clear sky
5,Hermanus,ZA,-34.4187,19.2345,52.9,51,100,5.37,overcast clouds
6,Upernavik,GL,72.7868,-56.1549,39.4,85,6,3.11,clear sky
7,Coquimbo,CL,-29.9533,-71.3436,51.53,93,0,4.61,clear sky
8,Xinxiang,CN,35.3089,113.8672,85.46,66,2,1.99,clear sky
9,Bluff,NZ,-46.6,168.3333,50.81,69,100,9.57,overcast clouds
10,Dikson,RU,73.5069,80.5464,37.11,98,79,8.95,broken clouds
11,Rikitea,PF,-23.1203,-134.9692,69.37,55,0,1.03,clear sky
12,Butaritari,KI,3.0707,172.7902,83.95,72,13,12.24,light rain
13,East London,ZA,-33.0153,27.9116,51.39,55,0,9.19,clear sky
14,Atuona,PF,-9.8,-139.0333,78.39,70,16,17.27,few clouds
15,Punta Arenas,CL,-53.15,-70.9167,39.31,81,75,14.97,broken clouds
16,Mataura,NZ,-46.1927,168.8643,50.49,78,92,4.32,overcast clouds
17,Bilma,NE,18.6853,12.9164,88.36,43,94,5.93,overcast clouds
18,Kapaa,US,22.0752,-159.319,85.98,79,90,4.0,light rain
19,Albany,US,42.6001,-73.9662,72.25,67,100,1.01,overcast clouds
20,Busselton,AU,-33.65,115.3333,62.04,67,94,18.52,overcast clouds
21,Cape Town,ZA,-33.9258,18.4232,53.11,81,100,2.3,fog
22,Port Elizabeth,ZA,-33.918,25.5701,44.89,76,0,2.3,clear sky
23,Hambantota,LK,6.1241,81.1185,79.14,100,75,11.5,broken clouds
24,Chinhoyi,ZW,-17.3667,30.2,46.35,64,4,6.69,clear sky
25,Gat,IL,31.61,34.7642,77.92,100,15,0.47,few clouds
26,Leningradskiy,RU,69.3833,178.4167,36.61,96,100,6.78,overcast clouds
27,Provideniya,RU,64.3833,-173.3,47.89,98,100,13.06,light rain
28,Bredasdorp,ZA,-34.5322,20.0403,40.32,93,97,5.75,overcast clouds
29,Vadso,NO,70.0744,29.7487,47.28,80,100,24.07,overcast clouds
30,Hilo,US,19.7297,-155.09,80.33,85,90,8.05,overcast clouds
31,Puerto Escondido,MX,15.85,-97.0667,82.69,83,100,6.46,overcast clouds
32,Chuy,UY,-33.6971,-53.4616,56.41,82,100,6.6,overcast clouds
33,Ormara,PK,25.2088,64.6357,82.15,84,100,9.73,overcast clouds
34,Castro,BR,-24.7911,-50.0119,52.27,70,0,2.77,clear sky
35,Westerland,DE,54.9079,8.3033,68.02,82,90,18.41,overcast clouds
36,Mount Pleasant,US,32.7941,-79.8626,79.0,80,40,3.0,scattered clouds
37,Longyearbyen,SJ,78.2186,15.6401,42.64,81,75,12.66,broken clouds
38,Sorland,NO,67.667,12.6934,52.61,94,100,13.58,overcast clouds
39,Hobart,AU,-42.8794,147.3294,47.26,72,40,7.0,scattered clouds
40,Ihosy,MG,-22.4,46.1167,51.69,91,38,9.17,scattered clouds
41,Beziers,FR,43.3476,3.219,74.48,60,0,4.61,clear sky
42,Kahului,US,20.8947,-156.47,87.82,78,40,26.46,scattered clouds
43,Artsyz,UA,45.9919,29.4182,65.88,63,0,7.47,clear sky
44,Caravelas,BR,-17.7125,-39.2481,68.41,67,3,5.77,clear sky
45,Mount Isa,AU,-20.7333,139.5,67.77,22,8,12.66,clear sky
46,Kandrian,PG,-6.2167,149.55,84.36,72,50,4.7,light rain
47,Surt,LY,31.2089,16.5887,78.49,70,0,7.16,clear sky
48,Vaini,TO,-21.2,-175.2,80.76,83,20,8.05,few clouds
49,Yellowknife,CA,62.456,-114.3525,59.29,44,40,6.91,scattered clouds
50,New Norfolk,AU,-42.7826,147.0587,46.92,64,72,11.86,broken clouds
51,Nabire,ID,-3.3667,135.4833,77.9,83,100,0.92,overcast clouds
52,Souillac,MU,-20.5167,57.5167,70.18,78,40,8.05,scattered clouds
53,Ilulissat,GL,69.2167,-51.1,42.82,87,90,5.75,overcast clouds
54,Aswan,EG,24.0934,32.907,85.3,28,0,6.91,clear sky
55,Saint Anthony,US,45.0205,-93.218,84.22,35,1,1.01,clear sky
56,Ulladulla,AU,-35.35,150.4667,55.87,45,2,19.35,clear sky
57,Yarada,IN,17.65,83.2667,82.72,94,75,11.5,mist
58,Tuktoyaktuk,CA,69.4541,-133.0374,64.4,45,75,17.27,broken clouds
59,Clyde River,CA,70.4692,-68.5914,32.23,100,90,20.71,light snow
60,Avarua,CK,-21.2078,-159.775,78.85,69,20,9.22,few clouds
61,Noumea,NC,-22.2763,166.4572,82.38,99,2,8.37,clear sky
62,Mackenzie,CA,55.2999,-123.1698,66.42,48,20,8.05,few clouds
63,Changji,CN,44.0167,87.3167,88.59,23,0,4.47,clear sky
64,Nikolskoye,RU,59.7035,30.7861,57.79,56,100,4.97,overcast clouds
65,Jamestown,US,42.097,-79.2353,72.99,85,1,8.01,clear sky
66,Kalmunai,LK,7.4167,81.8167,81.01,72,100,9.57,overcast clouds
67,Port Lincoln,AU,-34.7333,135.8667,58.69,75,62,26.87,broken clouds
68,Lexington,US,37.9887,-84.4777,79.92,59,1,4.61,clear sky
69,Half Moon Bay,US,37.4636,-122.4286,87.75,68,1,13.8,clear sky
70,Kuah,MY,6.3265,99.8432,82.38,89,20,0.0,moderate rain
71,Wembley,AU,-31.9333,115.8,65.05,77,75,9.22,broken clouds
72,Carmo Do Rio Claro,BR,-20.9719,-46.1189,54.84,53,0,1.63,clear sky
73,Priargunsk,RU,50.3691,119.1012,63.32,80,100,7.67,overcast clouds
74,Victoria,HK,22.2855,114.1577,89.33,83,50,3.0,scattered clouds
75,Mahebourg,MU,-20.4081,57.7,70.09,78,40,8.05,scattered clouds
76,Flinders,AU,-34.5833,150.8552,57.38,49,5,11.99,clear sky
77,Katsuura,JP,35.1333,140.3,86.14,69,1,12.75,clear sky
78,Port Hedland,AU,-20.3167,118.5667,77.05,23,56,14.97,broken clouds
79,Vila Franca Do Campo,PT,37.7167,-25.4333,72.01,91,63,6.89,broken clouds
80,Langham,CA,52.3668,-106.9679,80.44,24,26,13.51,scattered clouds
81,Yongchang,CN,30.0381,119.7317,76.59,94,100,11.14,light rain
82,Thompson,CA,55.7435,-97.8558,60.96,94,90,8.05,overcast clouds
83,Plettenberg Bay,ZA,-34.0527,23.3716,52.18,38,7,6.08,clear sky
84,Puerto Ayora,EC,-0.7393,-90.3518,72.55,84,6,7.0,clear sky
85,Gland,CH,46.4208,6.2701,68.07,92,100,1.83,overcast clouds
86,Ribeira Grande,PT,38.5167,-28.7,70.2,91,11,10.51,few clouds
87,Port Blair,IN,11.6667,92.75,82.44,89,75,11.5,mist
88,Lompoc,US,34.6391,-120.4579,81.12,76,75,14.97,broken clouds
89,Rolante,BR,-29.6506,-50.5758,69.35,60,41,4.61,scattered clouds
90,Necochea,AR,-38.5473,-58.7368,49.03,87,100,12.46,light rain
91,Codrington,AU,-38.2667,141.9667,48.22,80,100,17.74,overcast clouds
92,Egvekinot,RU,66.3167,-179.1667,50.0,85,100,4.56,overcast clouds
93,Dingle,PH,10.9995,122.6711,85.64,71,73,18.19,broken clouds
94,Lubao,PH,14.9167,120.55,78.87,85,100,15.35,moderate rain
95,Tarko-Sale,RU,64.9225,77.785,56.21,91,100,9.55,overcast clouds
96,Port Alfred,ZA,-33.5906,26.891,53.44,47,1,10.29,clear sky
97,Gilgit,PK,35.9221,74.3087,87.71,38,11,1.07,few clouds
98,Ahuimanu,US,21.4447,-157.8378,91.11,68,75,14.97,light rain
99,Cabo San Lucas,MX,22.8909,-109.9124,91.81,68,51,8.99,broken clouds
100,Anchorage,US,61.2181,-149.9003,64.85,82,90,1.01,shower rain
101,Talnakh,RU,69.4865,88.3972,49.1,91,100,4.85,moderate rain
102,Bethel,US,41.3712,-73.414,72.72,77,97,5.95,overcast clouds
103,Emerald,AU,-23.5333,148.1667,69.35,34,0,12.66,clear sky
104,Qaanaaq,GL,77.484,-69.3632,39.13,66,100,3.76,overcast clouds
105,Mar Del Plata,AR,-38.0023,-57.5575,52.12,60,90,10.0,light intensity drizzle
106,Kaitangata,NZ,-46.2817,169.8464,49.93,62,94,9.44,overcast clouds
107,Manikling,PH,6.8791,126.0606,87.71,66,85,5.68,overcast clouds
108,Torbay,CA,47.6666,-52.7314,58.57,89,90,13.8,overcast clouds
109,Pisco,PE,-13.7,-76.2167,62.65,77,40,12.66,scattered clouds
110,Sfantu Gheorghe,RO,45.8667,25.7833,56.93,79,4,2.86,clear sky
111,Galveston,US,29.3669,-94.9669,89.71,83,1,1.01,clear sky
112,Barrow,US,71.2906,-156.7887,42.82,81,90,5.75,light rain
113,Panjab,AF,34.388,67.0233,60.08,33,0,5.46,clear sky
114,Iranshahr,IR,27.2025,60.6848,92.55,33,4,3.56,clear sky
115,Vestmannaeyjar,IS,63.4427,-20.2734,51.13,81,54,11.81,broken clouds
116,Chokurdakh,RU,70.6333,147.9167,52.05,49,85,13.53,overcast clouds
117,Karakol,KG,42.4907,78.3936,74.34,21,0,2.8,clear sky
118,San Policarpo,PH,12.1791,125.5072,89.51,57,100,12.59,overcast clouds
119,Kingman,US,35.1894,-114.053,89.08,45,1,8.05,clear sky
120,Dubova,RO,44.6167,22.2667,62.44,76,0,3.09,clear sky
121,Srednekolymsk,RU,67.45,153.6833,62.42,42,100,13.69,overcast clouds
122,Lubawa,PL,53.5043,19.7497,63.48,77,90,7.43,overcast clouds
123,Taoudenni,ML,22.6783,-3.9836,96.24,8,5,12.17,clear sky
124,Lavrentiya,RU,65.5833,-171.0,44.87,98,100,11.63,light rain
125,Aklavik,CA,68.2191,-135.0107,72.43,52,83,12.21,broken clouds
126,Conde,BR,-7.2597,-34.9075,71.06,94,20,6.91,few clouds
127,Hangal,IN,14.7667,75.1333,72.59,92,96,10.87,overcast clouds
128,Fortuna,US,40.5982,-124.1573,62.85,85,90,1.99,overcast clouds
129,Hithadhoo,MV,-0.6,73.0833,81.84,77,88,10.2,overcast clouds
130,Lasa,IT,46.6166,10.7002,68.88,95,82,3.31,broken clouds
131,Lingao,CN,19.9103,109.6859,85.96,71,25,3.18,scattered clouds
132,Talladega,US,33.4359,-86.1058,82.31,94,1,0.0,mist
133,Road Town,VG,18.4167,-64.6167,80.2,83,95,20.74,overcast clouds
134,Bardiyah,LY,31.7561,25.0865,76.01,68,0,12.44,clear sky
135,The Valley,AI,18.217,-63.0578,82.26,84,100,20.4,overcast clouds
136,Yerbogachen,RU,61.2767,108.0108,76.84,42,59,5.75,broken clouds
137,Murdochville,CA,48.9583,-65.5006,54.48,95,0,5.57,clear sky
138,Carnarvon,AU,-24.8667,113.6333,62.67,58,90,11.5,overcast clouds
139,Paita,PE,-5.0892,-81.1144,65.26,85,39,8.28,scattered clouds
140,Taiyuan,CN,37.8694,112.5603,78.66,61,0,4.47,clear sky
141,Sept-Iles,CA,50.2001,-66.3821,61.32,93,75,1.99,broken clouds
142,Araouane,ML,18.9048,-3.5265,88.32,43,25,13.87,scattered clouds
143,Saint-Pierre,RE,-21.3393,55.4781,65.88,82,75,9.22,broken clouds
144,Bambous Virieux,MU,-20.3428,57.7575,70.05,78,40,8.05,scattered clouds
145,Umm Kaddadah,SD,13.6017,26.6876,80.94,57,91,6.2,overcast clouds
146,Waddan,LY,29.1614,16.139,72.01,67,0,3.18,clear sky
147,Fairbanks,US,64.8378,-147.7164,67.96,59,90,6.91,overcast clouds
148,Verkhniy Rohachyk,UA,47.2505,34.338,69.64,59,85,6.42,overcast clouds
149,Orotukan,RU,62.2667,151.7,62.67,80,100,7.43,light rain
150,Tasiilaq,GL,65.6145,-37.6368,42.96,97,100,2.86,overcast clouds
151,Boqueirao,BR,-7.5,-36.1333,69.35,94,1,4.43,clear sky
152,Sao Joaquim,BR,-28.2939,-49.9317,47.95,70,25,3.4,scattered clouds
153,Nizhniy Kuranakh,RU,58.8353,125.4869,70.0,70,100,4.0,overcast clouds
154,Kloulklubed,PW,7.0419,134.2556,84.18,78,100,11.56,overcast clouds
155,Kumluca,TR,36.3703,30.2869,81.19,58,0,3.8,clear sky
156,Alofi,NU,-19.0595,-169.9187,82.29,74,14,8.05,few clouds
157,Avera,US,33.194,-82.5271,82.71,59,96,6.24,overcast clouds
158,Inirida,CO,3.8653,-67.9239,72.88,98,100,1.23,overcast clouds
159,Filingue,NE,14.3521,3.3168,83.95,60,13,7.81,few clouds
160,Heiligenhafen,DE,54.3667,10.9833,70.95,87,100,13.2,overcast clouds
161,Rio Grande,BR,-32.035,-52.0986,60.51,79,98,8.9,overcast clouds
162,Hovd,MN,48.0056,91.6419,69.24,45,15,5.5,few clouds
163,Saint-Philippe,RE,-21.3585,55.7679,65.79,74,37,6.67,scattered clouds
164,Kiruna,SE,67.8557,20.2251,43.72,93,20,3.44,few clouds
165,Huarmey,PE,-10.0681,-78.1522,64.02,84,71,5.35,broken clouds
166,Pangnirtung,CA,66.1451,-65.7125,47.73,88,100,11.3,moderate rain
167,Labuhan,ID,-6.8844,112.2051,81.28,66,3,5.95,clear sky
168,Najran,SA,17.4924,44.1277,79.45,44,9,3.47,clear sky
169,Kasimov,RU,54.9411,41.3953,54.79,72,62,2.3,broken clouds
170,Kodiak,US,57.79,-152.4072,56.71,82,75,8.05,broken clouds
171,Berdigestyakh,RU,62.0989,126.6992,73.51,43,0,13.42,clear sky
172,Pallasovka,RU,50.05,46.8833,67.03,57,94,6.91,overcast clouds
173,Cidreira,BR,-30.1811,-50.2056,61.3,78,24,7.61,few clouds
174,San Patricio,US,28.017,-97.5169,88.48,71,2,12.62,clear sky
175,Khuzhir,RU,53.1939,107.3397,54.61,82,33,2.28,scattered clouds
176,Lorengau,PG,-2.0226,147.2712,84.85,66,26,5.12,scattered clouds
177,Rossland,CA,49.0831,-117.8022,84.7,27,0,1.99,clear sky
178,Adrar,MR,20.5022,-10.0711,91.24,21,95,9.6,overcast clouds
179,Sur,OM,22.5667,59.5289,88.18,61,73,8.52,broken clouds
180,Esperance,AU,-33.8667,121.9,55.24,66,100,18.05,overcast clouds
181,Guerrero Negro,MX,27.9769,-114.0611,70.34,80,100,15.08,overcast clouds
182,Kasongo-Lunda,CD,-6.4667,16.8167,65.26,39,0,0.98,clear sky
183,Mareeba,AU,-17.0,145.4333,79.45,62,89,4.5,overcast clouds
184,North Platte,US,41.1239,-100.7654,84.99,53,1,1.01,clear sky
185,Okhotsk,RU,59.3833,143.3,55.9,95,100,13.27,light rain
186,San Juan,AR,-31.5375,-68.5364,51.73,41,0,10.33,clear sky
187,Ankazoabo,MG,-22.2833,44.5167,55.08,76,1,11.77,clear sky
188,Norman Wells,CA,65.282,-126.8329,69.84,35,75,10.36,broken clouds
189,Tyler,US,32.3513,-95.3011,87.85,74,1,5.75,clear sky
190,Arlit,NE,18.7369,7.3853,93.36,33,83,9.08,broken clouds
191,Havoysund,NO,70.9963,24.6622,45.48,81,100,17.49,overcast clouds
192,Nanortalik,GL,60.1432,-45.2371,42.66,95,97,9.95,overcast clouds
193,Severo-Kurilsk,RU,50.6789,156.125,57.61,89,98,2.15,overcast clouds
194,Poum,NC,-20.2333,164.0167,73.69,74,23,4.29,few clouds
195,Ati,TD,13.2154,18.3353,84.27,58,100,9.08,overcast clouds
196,Hauge,NO,58.3436,6.2812,63.59,80,0,7.14,clear sky
197,Emmaus,US,40.5395,-75.4968,77.65,69,1,8.05,clear sky
198,Sidi Ali,DZ,36.0998,0.4206,81.37,33,99,11.3,overcast clouds
199,Saint George,US,37.1041,-113.5841,84.54,54,1,1.01,clear sky
200,Georgetown,MY,5.4112,100.3354,84.88,86,20,3.0,few clouds
201,Lugovoy,KZ,42.9472,72.7644,84.29,21,0,3.42,clear sky
202,Antsohihy,MG,-14.8796,47.9875,64.8,70,40,6.91,scattered clouds
203,Lisakovsk,KZ,52.5369,62.4936,64.69,72,0,7.61,clear sky
204,Ponta Do Sol,PT,32.6667,-17.1,73.0,77,0,2.82,clear sky
205,Soria,ES,41.6667,-2.6667,55.0,79,0,3.27,clear sky
206,Aitape,PG,-3.1374,142.3475,75.65,96,100,4.81,light rain
207,Khatanga,RU,71.9667,102.5,60.1,47,85,22.55,overcast clouds
208,Juybar,IR,36.6412,52.9124,80.76,81,62,4.27,broken clouds
209,Matara,LK,5.9485,80.5353,79.2,86,39,8.59,scattered clouds
210,Sabha,LY,27.0377,14.4283,77.49,32,0,12.97,clear sky
211,Rumoi,JP,43.9344,141.6428,83.39,64,78,4.56,broken clouds
212,Tiksi,RU,71.6872,128.8694,44.73,76,87,5.26,overcast clouds
213,Saint-Augustin,CA,51.226,-58.6502,52.83,81,30,6.71,scattered clouds
214,Puqi,CN,29.7167,113.8833,85.32,70,1,4.88,clear sky
215,Ambilobe,MG,-13.2,49.05,64.45,76,70,3.04,broken clouds
216,San Carlos Del Zulia,VE,9.0,-71.9135,81.03,75,100,3.24,overcast clouds
217,Loukhi,RU,66.0764,33.0381,53.91,80,94,7.54,overcast clouds
218,Lafiagi,NG,8.8667,5.4167,71.02,96,43,3.65,scattered clouds
219,Kuito,AO,-12.3833,16.9333,49.24,43,0,3.36,clear sky
220,Minot,US,48.2325,-101.2963,85.19,28,1,8.05,clear sky
221,Krasnokamensk,RU,50.0979,118.0369,65.39,70,81,8.99,broken clouds
222,Shwebo,MM,22.5667,95.7,81.77,73,100,10.54,light rain
223,Los Llanos De Aridane,ES,28.6585,-17.9182,69.12,72,40,12.66,scattered clouds
224,Quatre Cocos,MU,-20.2078,57.7625,69.91,74,71,15.55,broken clouds
225,Balod,IN,20.73,81.2047,78.44,81,96,12.97,overcast clouds
226,Hofn,IS,64.2539,-15.2082,51.96,85,5,9.8,clear sky
227,Haimen,CN,23.1935,116.6142,89.49,69,15,8.21,few clouds
228,Anloga,GH,5.7947,0.8973,75.42,79,89,11.3,overcast clouds
229,Julio De Castilhos,BR,-29.2269,-53.6817,68.38,71,82,7.18,broken clouds
230,Kungurtug,RU,50.5994,97.5228,60.78,86,100,1.74,overcast clouds
231,Fukue,JP,32.6881,128.8419,80.96,78,75,6.91,light rain
232,Mehnagar,IN,25.8833,83.1167,82.42,72,8,11.27,clear sky
233,Yarmouth,US,41.7057,-70.2286,71.1,80,1,4.61,clear sky
234,Mildura,AU,-34.2,142.15,53.56,66,41,14.97,scattered clouds
235,Elizabeth City,US,36.2946,-76.2511,77.05,73,1,5.75,clear sky
236,Manbij,SY,36.5281,37.9549,75.97,74,0,9.48,clear sky
237,Rayong,TH,12.8333,101.4333,83.95,99,100,11.05,light rain
238,Petropavlovsk-Kamchatskiy,RU,53.0452,158.6483,70.39,68,20,8.95,few clouds
239,Patnanungan,PH,14.7833,122.1833,83.66,79,100,23.42,overcast clouds
240,Ajdabiya,LY,30.7554,20.2263,75.81,67,0,8.57,clear sky
241,Lima,PE,-12.0432,-77.0282,61.05,77,90,10.36,overcast clouds
242,Sarakhs,IR,36.5449,61.1577,77.14,29,0,0.0,clear sky
243,Lindi,TZ,-10.0,39.7167,67.21,61,1,11.16,clear sky
244,Alice Springs,AU,-23.7,133.8833,58.55,36,91,12.66,overcast clouds
245,Gweta,BW,-20.1833,25.2333,48.38,61,0,11.16,clear sky
246,Ancud,CL,-41.8697,-73.8203,36.93,81,100,3.09,overcast clouds
247,Puro,PH,12.4841,123.3827,84.63,73,100,22.97,overcast clouds
248,Northam,GB,51.0333,-4.2167,64.65,93,98,6.04,overcast clouds
249,Chapais,CA,49.7834,-74.8492,69.58,52,100,12.46,overcast clouds
250,Kirakira,SB,-10.4544,161.9205,84.22,75,29,9.35,scattered clouds
251,Lysva,RU,58.1086,57.8053,49.15,94,6,3.89,clear sky
252,Krasnyy Chikoy,RU,50.3643,108.7512,71.26,54,0,0.98,clear sky
253,West Bay,KY,19.3667,-81.4167,84.27,78,20,1.01,few clouds
254,Piacabucu,BR,-10.4056,-36.4344,74.77,74,0,13.38,clear sky
255,Vao,NC,-22.6667,167.4833,72.14,81,14,8.32,few clouds
256,Kembe,CF,4.6228,21.8865,67.93,97,72,2.93,light rain
257,Dayong,CN,25.0209,118.2898,91.08,59,100,4.94,light rain
258,Vostok,RU,46.4856,135.8833,91.56,40,65,4.76,broken clouds
259,Klaksvik,FO,62.2266,-6.589,50.92,97,54,9.4,broken clouds
260,Palu,ID,-0.8917,119.8707,88.0,63,41,2.01,scattered clouds
261,Gacko,BA,43.1672,18.5353,57.33,59,18,2.77,few clouds
262,Los Amates,GT,15.2667,-89.1,74.89,92,44,1.25,scattered clouds
263,Saint-Georges,GD,12.0564,-61.7485,82.08,83,20,12.66,few clouds
264,Kavieng,PG,-2.5744,150.7967,84.24,71,11,7.76,few clouds
265,Camp Verde,US,34.5636,-111.8543,81.73,80,66,3.0,broken clouds
266,College,US,64.8569,-147.8028,67.95,59,75,11.5,broken clouds
267,Ponta Delgada,PT,37.7333,-25.6667,72.32,83,40,3.44,scattered clouds
268,Nicoya,CR,10.1483,-85.452,72.95,89,100,2.71,overcast clouds
269,Boa Vista,BR,2.8197,-60.6733,80.58,78,75,1.14,broken clouds
270,Arco,IT,45.9177,10.8867,74.95,85,13,4.81,few clouds
271,Cockburn Town,TC,21.4612,-71.1419,81.84,80,100,16.75,overcast clouds
272,Qaqortoq,GL,60.7167,-46.0333,45.1,96,89,2.44,overcast clouds
273,Mbanza-Ngungu,CD,-5.25,14.8667,64.08,86,1,6.42,clear sky
274,Camocim,BR,-2.9022,-40.8411,74.88,80,4,9.69,clear sky
275,Moron,AR,-34.6534,-58.6198,59.0,97,100,4.0,light rain
276,Port Hardy,CA,50.6996,-127.4199,62.78,82,75,8.05,broken clouds
277,Saint Stephen,GB,50.3333,-4.9,61.83,94,20,8.05,few clouds
278,Quelimane,MZ,-17.8786,36.8883,60.75,94,75,0.0,light rain
279,Lebu,CL,-37.6167,-73.65,50.94,85,96,23.55,moderate rain
280,Sobolevo,RU,54.4299,31.8996,52.72,87,0,4.41,clear sky
281,Gigmoto,PH,13.7796,124.39,85.98,73,100,13.73,overcast clouds
282,Geraldton,AU,-28.7667,114.6,58.12,88,90,6.91,overcast clouds
283,Fenoarivo Atsinanana,MG,-17.3667,49.4167,65.79,88,100,7.85,light rain
284,Kayerkan,RU,69.3497,87.7602,46.11,96,100,5.35,moderate rain
285,Gharo,PK,24.7424,67.5856,84.42,79,100,20.09,overcast clouds
286,El Coyote,MX,25.7,-103.2667,89.02,25,100,1.68,overcast clouds
287,Cedar City,US,37.6775,-113.0619,75.18,53,1,9.22,clear sky
288,Nizwa,OM,22.9333,57.5333,85.06,60,92,2.86,overcast clouds
289,Chake Chake,TZ,-5.2459,39.7666,74.52,72,1,19.04,clear sky
290,Palmares Do Sul,BR,-30.2578,-50.5097,61.09,69,7,5.57,clear sky
291,Brigantine,US,39.4101,-74.3646,75.99,74,1,6.91,clear sky
292,San Luis De Palenque,CO,5.4214,-71.7317,74.5,87,100,4.85,overcast clouds
293,Balkanabat,TM,39.5108,54.3671,81.3,79,0,6.91,clear sky
294,Haapiti,PF,-17.5667,-149.8667,74.93,70,41,6.33,light rain
295,Tabou,CI,4.423,-7.3528,75.2,72,93,5.26,overcast clouds
296,Mattru,SL,7.6244,-11.8332,71.4,96,95,1.63,overcast clouds
297,Mbandaka,CD,0.0487,18.2603,73.96,63,100,3.69,overcast clouds
298,Micheweni,TZ,-4.9667,39.8333,75.58,73,1,20.47,clear sky
299,Namatanai,PG,-3.6667,152.4333,84.94,68,9,2.37,clear sky
300,Ringebu,NO,61.5167,10.1667,59.49,92,77,2.24,broken clouds
301,Acapulco,MX,16.8634,-99.8901,81.82,82,9,6.55,clear sky
302,Vuktyl,RU,63.8567,57.3094,43.36,91,80,7.23,broken clouds
303,Pevek,RU,69.7008,170.3133,37.62,85,48,16.8,scattered clouds
304,Muroto,JP,33.2833,134.15,86.04,79,100,13.24,overcast clouds
305,Tete,MZ,-16.1564,33.5867,64.49,63,40,3.44,scattered clouds
306,Yinchuan,CN,38.4681,106.2731,80.08,53,100,4.79,overcast clouds
307,Boueni,YT,-12.9025,45.0761,76.98,66,1,20.4,clear sky
308,Yulara,AU,-25.2406,130.9889,60.64,33,64,9.22,broken clouds
309,Boden,SE,65.8252,21.6886,53.6,85,30,2.44,scattered clouds
310,Saldanha,ZA,-33.0117,17.9442,46.45,47,100,10.71,overcast clouds
311,Xining,CN,36.6167,101.7667,64.62,89,100,4.21,overcast clouds
312,Barstow,US,34.8986,-117.0228,99.59,20,87,13.04,overcast clouds
313,Jiwani,PK,25.05,61.7417,82.69,82,73,6.17,broken clouds
314,Olinda,BR,-8.0089,-34.8553,71.33,83,40,4.61,scattered clouds
315,Tsabong,BW,-26.0217,22.401,42.62,51,0,11.83,clear sky
316,Hit,IQ,33.6416,42.8251,91.69,26,0,8.55,clear sky
317,Marienburg,PL,54.0359,19.0266,64.96,75,92,5.03,overcast clouds
318,Bengkulu,ID,-3.8004,102.2655,81.73,67,1,1.21,clear sky
319,Lavumisa,SZ,-27.31,31.892,46.09,82,6,3.67,clear sky
320,Constitucion,CL,-35.3333,-72.4167,51.53,88,100,15.66,overcast clouds
321,Aasiaat,GL,68.7098,-52.8699,38.08,94,95,8.25,overcast clouds
322,Pozo Colorado,PY,-23.4923,-58.7972,77.41,38,1,8.05,clear sky
323,Itaituba,BR,-4.2761,-55.9836,81.91,49,97,0.85,overcast clouds
324,Awbari,LY,26.5921,12.7805,78.12,24,0,7.94,clear sky
325,Dauphin,CA,51.1494,-100.0502,75.34,43,1,12.66,clear sky
326,Cayenne,GF,4.9333,-52.3333,80.1,85,20,0.0,light rain
327,Kruisfontein,ZA,-34.0033,24.7314,46.51,39,14,8.88,few clouds
328,Atasu,KZ,48.6814,71.6433,83.28,24,41,10.18,scattered clouds
329,Margate,GB,51.3813,1.3862,64.69,91,87,1.99,overcast clouds
330,Kamenka,RU,51.3223,42.7678,62.65,68,100,6.06,overcast clouds
331,Sukumo,JP,32.9333,132.7333,82.54,71,100,8.81,overcast clouds
332,Rey Bouba,CM,8.6724,14.1786,71.22,95,100,2.57,overcast clouds
333,Zarubino,RU,42.63,131.0922,78.57,80,11,9.4,few clouds
334,Faanui,PF,-16.4833,-151.75,78.76,67,19,10.45,few clouds
335,Ulaangom,MN,49.9811,92.0667,70.68,52,99,4.76,overcast clouds
336,Rivne,UA,50.6231,26.2274,60.84,71,13,4.52,few clouds
337,Porteirinha,BR,-15.7433,-43.0283,62.22,64,0,8.52,clear sky
338,Morant Bay,JM,17.8815,-76.4093,80.22,84,85,3.13,overcast clouds
339,Ozark,US,37.0209,-93.206,83.39,81,4,2.77,clear sky
340,Morondava,MG,-20.2833,44.2833,68.04,61,5,15.48,clear sky
341,Buala,SB,-8.145,159.5921,77.97,89,100,5.88,light rain
342,Iskateley,RU,67.6803,53.1512,46.17,90,100,11.59,overcast clouds
343,Camacha,PT,33.0833,-16.3333,69.53,78,40,10.36,scattered clouds
344,Venezuela,VE,8.0,-66.0,76.3,90,100,5.48,overcast clouds
345,Tura,IN,25.5198,90.2201,79.0,90,89,6.58,moderate rain
346,Biharamulo,TZ,-2.6319,31.3089,59.58,49,10,4.03,clear sky
347,Shetpe,KZ,44.1667,52.1167,76.3,57,54,11.52,broken clouds
348,Isangel,VU,-19.55,169.2667,86.11,70,75,5.75,broken clouds
349,Rabo De Peixe,PT,37.8,-25.5833,71.11,88,75,2.3,broken clouds
350,Gravelbourg,CA,49.8834,-106.5512,80.87,29,1,7.27,clear sky
351,Pudozh,RU,61.8099,36.5345,56.71,74,100,4.88,overcast clouds
352,Sao Joao Da Barra,BR,-21.6403,-41.0511,68.97,72,0,12.5,clear sky
353,Sohatu,RO,44.3167,26.5,69.33,69,0,4.03,clear sky
354,Broome,US,42.2506,-75.833,75.45,65,40,1.01,scattered clouds
355,Tabas,IR,33.5959,56.9244,88.27,12,0,4.12,clear sky
356,Shizukuishi,JP,39.6833,140.9833,84.97,64,29,4.47,scattered clouds
357,Niono,ML,14.2526,-5.993,84.27,58,100,6.4,overcast clouds
358,Nishihara,JP,26.1842,127.7558,85.68,92,90,18.41,mist
359,Nicolas Bravo,MX,18.45,-88.9167,78.26,82,84,4.7,broken clouds
360,Hirara,JP,24.8,125.2833,86.27,84,75,14.97,broken clouds
361,Kutum,SD,14.2,24.6667,72.88,75,99,11.27,overcast clouds
362,Harper,LR,4.375,-7.7169,75.16,74,90,6.08,overcast clouds
363,Sao Filipe,CV,14.8961,-24.4956,73.92,74,23,5.68,few clouds
364,Dicabisagan,PH,17.0818,122.4157,88.88,61,100,4.47,overcast clouds
365,Ardino,BG,41.5833,25.1333,61.75,75,2,5.57,clear sky
366,Charters Towers,AU,-20.1,146.2667,73.51,23,29,14.23,scattered clouds
367,Dunedin,NZ,-45.8742,170.5036,48.79,42,100,15.01,overcast clouds
368,Mangrol,IN,21.1167,70.1167,81.28,85,100,20.07,light rain
369,Vila Velha,BR,-20.3297,-40.2925,62.55,88,0,2.3,clear sky
370,Ostrovnoy,RU,68.0531,39.5131,45.55,88,100,22.53,overcast clouds
371,Nivala,FI,63.9167,24.9667,54.68,95,14,4.05,few clouds
372,Namibe,AO,-15.1961,12.1522,67.37,55,0,6.69,clear sky
373,Hantsport,CA,45.0668,-64.1654,63.16,92,15,5.03,few clouds
374,Denpasar,ID,-8.65,115.2167,78.46,83,20,2.3,few clouds
375,Oistins,BB,13.0667,-59.5333,78.89,83,40,4.61,scattered clouds
376,Angoche,MZ,-16.2325,39.9086,70.29,63,90,18.52,overcast clouds
377,Outjo,NA,-20.1167,16.15,49.41,33,0,12.91,clear sky
378,Athens,GR,37.9795,23.7162,78.17,53,0,1.01,clear sky
379,Palmer,US,42.1584,-72.3287,72.21,70,100,4.56,overcast clouds
380,Lethem,GY,3.3803,-59.7968,79.05,76,100,3.69,overcast clouds
381,Wenatchee,US,47.4235,-120.3103,98.37,20,1,1.01,clear sky
382,Nome,US,64.5011,-165.4064,50.16,87,90,11.5,overcast clouds
383,Mahibadhoo,MV,3.7833,72.9667,82.44,76,96,6.85,overcast clouds
384,Luan,CH,46.3592,6.9759,60.03,93,100,1.97,overcast clouds
385,Pokhara,NP,28.2333,83.9833,75.85,95,99,2.15,overcast clouds
386,Praya,CV,14.9215,-23.5087,75.74,69,75,6.91,broken clouds
387,Fez,MA,34.0372,-4.9998,75.45,43,0,3.44,clear sky
388,Victoria Point,AU,-27.5833,153.3,72.09,40,44,8.01,scattered clouds
389,Ugoofaaru,MV,5.6667,73.0,81.0,79,100,13.27,light rain
390,Sinnamary,GF,5.3833,-52.95,77.45,89,97,9.71,moderate rain
391,Belaya Gora,RU,68.5333,146.4167,59.94,45,100,15.46,overcast clouds
392,Muncar,ID,-8.4333,114.3333,80.6,63,39,5.21,scattered clouds
393,Westport,US,41.1415,-73.3579,75.74,80,1,5.99,clear sky
394,Yumen,CN,40.2833,97.2,83.43,27,1,3.91,clear sky
395,Port Augusta,AU,-32.5,137.7667,57.7,52,7,18.12,clear sky
396,Asau,RO,46.4333,26.4,63.75,86,3,3.02,clear sky
397,Sibolga,ID,1.7427,98.7792,83.21,65,82,0.25,broken clouds
398,Saskylakh,RU,71.9167,114.0833,69.98,58,99,6.15,overcast clouds
399,Koslan,RU,63.4564,48.8989,45.45,97,100,5.93,overcast clouds
400,Iqaluit,CA,63.7506,-68.5145,44.33,87,75,8.05,broken clouds
401,Tautira,PF,-17.7333,-149.15,75.22,76,47,5.48,light rain
402,Manicore,BR,-5.8092,-61.3003,76.95,94,0,1.14,clear sky
403,Wheeling,US,42.1392,-87.929,86.23,81,20,3.44,few clouds
404,Tahta,EG,26.7693,31.5021,79.12,32,0,7.07,clear sky
405,Damavand,IR,35.7178,52.065,78.64,35,0,3.8,clear sky
406,Riyadh,SA,24.6877,46.7219,89.74,24,0,2.33,clear sky
407,Seoul,KR,37.5683,126.9778,91.81,47,0,9.22,clear sky
408,Ixtapa,MX,20.7,-105.2,87.03,70,75,11.5,broken clouds
409,Amarpur,IN,25.0333,86.9,84.99,76,47,7.07,scattered clouds
410,Nazareno,MX,25.3833,-103.4167,87.51,20,100,3.74,overcast clouds
411,Kenitra,MA,34.261,-6.5802,70.56,83,4,1.79,clear sky
412,Conceicao Do Araguaia,BR,-8.2578,-49.2647,77.13,57,0,3.44,clear sky
413,Asadabad,IR,34.7824,48.1185,75.0,23,5,5.86,clear sky
414,Nuuk,GL,64.1835,-51.7216,41.61,87,92,8.05,overcast clouds
415,Villazon,BO,-22.0866,-65.5942,45.97,25,5,6.51,clear sky
416,Berbera,SO,10.4396,45.0143,83.8,49,100,41.23,light rain
417,Rjukan,NO,59.8789,8.5941,61.47,76,10,0.87,clear sky
418,Elko,US,41.0002,-115.5012,95.02,8,70,8.01,broken clouds
419,Jiayuguan,CN,39.8167,98.3,78.31,42,73,4.83,light rain
420,Whitehorse,CA,60.7161,-135.0538,67.01,48,75,2.3,broken clouds
421,Sholapur,IN,17.6833,75.9167,75.58,83,100,11.21,overcast clouds
422,Yichun,CN,47.7,128.9,84.94,44,100,5.39,overcast clouds
423,Nelson Bay,AU,-32.7167,152.15,60.01,47,4,5.01,clear sky
424,Sokolo,ML,14.7328,-6.1219,78.89,79,100,11.79,overcast clouds
425,Nioro,GM,13.35,-15.75,76.86,75,100,6.26,overcast clouds
426,Cedartown,US,34.0537,-85.255,83.5,90,90,2.55,overcast clouds
427,Narsaq,GL,60.9167,-46.05,44.82,91,94,4.21,overcast clouds
428,Port Keats,AU,-14.25,129.55,88.3,28,65,6.08,broken clouds
429,Majene,ID,-3.5403,118.9707,80.85,73,98,10.89,overcast clouds
430,Mataruska Banja,RS,43.6901,20.6109,58.95,94,0,3.44,clear sky
431,Kivsharivka,UA,49.6213,37.7036,63.73,71,77,5.21,broken clouds
432,Bumba,CD,2.1833,22.4667,71.6,82,24,2.13,few clouds
433,Bolobo,CD,-2.1667,16.2333,70.11,51,11,4.23,few clouds
434,Tezu,IN,27.9167,96.1667,80.49,89,95,1.52,overcast clouds
435,Koulikoro,ML,14.0,-7.75,79.05,72,63,10.31,broken clouds
436,San Cristobal,VE,7.7669,-72.225,73.58,99,100,3.83,overcast clouds
437,Lamu,KE,-2.2717,40.902,77.22,74,78,22.59,broken clouds
438,Talakan,RU,50.3167,130.3667,80.35,65,61,7.76,broken clouds
439,Teknaf,BD,20.8624,92.3058,82.2,86,97,6.64,overcast clouds
440,Hami,CN,42.8,93.45,93.81,14,89,9.84,overcast clouds
441,Yaan,NG,7.3833,8.5667,70.03,95,40,4.27,scattered clouds
442,Grand Gaube,MU,-20.0064,57.6608,70.2,78,13,3.0,few clouds
443,Mlandizi,TZ,-6.7,38.7333,65.5,91,0,4.76,clear sky
444,Dakar,SN,14.6937,-17.4441,77.88,73,31,7.07,scattered clouds
445,Erenhot,CN,43.6475,111.9767,64.11,94,100,18.12,moderate rain
446,Korla,CN,41.7597,86.1469,89.26,23,0,18.28,clear sky
447,Plaeng Yao,TH,13.5847,101.284,84.94,95,100,7.43,light rain
448,Krasnoselkup,RU,65.7,82.4667,67.44,80,100,11.41,overcast clouds
449,Danielskuil,ZA,-28.1887,23.5395,36.54,55,0,8.57,clear sky
450,Beloha,MG,-25.1667,45.05,58.82,62,25,7.83,scattered clouds
451,Rawson,AR,-43.3002,-65.1023,46.31,46,100,18.19,overcast clouds
452,Marfino,RU,55.7028,37.3822,58.08,83,0,2.24,clear sky
453,Makakilo City,US,21.3469,-158.0858,89.92,60,40,14.97,scattered clouds
454,Prince Rupert,CA,54.3161,-130.3201,60.89,79,90,3.44,overcast clouds
455,Krasnoshchekovo,RU,51.6708,82.7289,70.2,77,6,4.36,clear sky
456,Marsh Harbour,BS,26.5412,-77.0636,80.38,69,100,6.64,overcast clouds
457,Airai,TL,-8.9266,125.4092,75.49,22,14,3.27,few clouds
458,Grindavik,IS,63.8424,-22.4338,48.56,93,75,8.05,broken clouds
459,Bairiki,KI,1.3292,172.9752,87.8,70,40,10.36,scattered clouds
460,Suntar,RU,62.1444,117.6319,73.72,42,98,8.68,overcast clouds
461,Paamiut,GL,61.994,-49.6678,40.89,85,96,10.07,overcast clouds
462,Kushima,JP,31.4583,131.2333,85.51,78,100,12.95,overcast clouds
463,Marrakesh,MA,31.6315,-8.0083,80.67,50,40,6.91,scattered clouds
464,Suratgarh,IN,29.3167,73.9,93.78,52,20,10.71,few clouds
465,Roma,US,43.2128,-75.4557,78.66,73,1,5.75,light rain
466,Buraydah,SA,26.326,43.975,90.05,16,11,4.94,few clouds
467,Dom Pedrito,BR,-30.9828,-54.6731,64.96,74,98,9.84,overcast clouds
468,Azanka,RU,58.0401,64.7893,61.02,78,96,4.09,overcast clouds
469,Boddam,GB,57.4667,-1.7833,51.71,89,3,9.01,clear sky
470,Uvat,RU,59.1433,68.8953,58.24,85,100,3.29,overcast clouds
471,Pimentel,PE,-6.8367,-79.9342,66.99,83,36,1.99,scattered clouds
472,Chunskiy,RU,56.0815,99.6342,78.04,40,10,7.52,clear sky
473,Skibotn,NO,69.3913,20.2679,50.47,99,100,3.58,light rain
474,Akyab,MM,20.15,92.9,83.16,82,100,8.43,overcast clouds
475,Daru,PG,-9.0763,143.2092,79.3,88,96,14.61,moderate rain
476,Cherskiy,RU,68.75,161.3,56.32,54,69,6.35,broken clouds
477,Sambava,MG,-14.2667,50.1667,67.19,89,100,13.24,moderate rain
478,Santiago Del Estero,AR,-27.7951,-64.2615,66.87,42,0,5.48,clear sky
479,Fuxin,CN,42.0156,121.6589,85.87,59,99,13.0,overcast clouds
480,Razole,IN,16.4833,81.8333,82.69,76,100,8.75,overcast clouds
481,Goderich,CA,43.7501,-81.7165,69.91,94,46,10.36,scattered clouds
482,Brokopondo,SR,4.75,-55.1667,77.29,86,100,6.73,overcast clouds
483,Lagoa,PT,39.05,-27.9833,68.45,84,96,16.6,overcast clouds
484,Mercedes,AR,-34.6515,-59.4307,59.04,97,98,5.06,moderate rain
485,Suhbaatar,MN,50.2314,106.2078,71.19,48,7,5.17,clear sky
486,Eucaliptus,BO,-17.5833,-67.5167,47.77,51,100,4.29,overcast clouds
487,Raahe,FI,64.6833,24.4833,57.29,88,7,6.89,clear sky
488,Brae,GB,60.3964,-1.353,55.31,82,99,4.81,overcast clouds
489,Ketchikan,US,55.3422,-131.6461,61.27,63,90,12.66,overcast clouds
490,Lishui,CN,28.4604,119.9103,76.03,94,100,8.05,light rain
491,Moose Factory,CA,51.2585,-80.6094,66.2,88,90,4.61,mist
492,Muana,BR,-1.5283,-49.2167,77.59,80,100,3.85,overcast clouds
493,Zhanakorgan,KZ,43.9098,67.2495,91.09,18,0,7.09,clear sky
494,Saint-Joseph,RE,-21.3667,55.6167,64.78,73,20,8.34,few clouds
495,Dharchula,IN,29.85,80.5333,75.79,94,99,1.79,overcast clouds
496,Dzhebariki-Khaya,RU,62.2167,135.8,67.15,85,100,4.43,light rain
497,Balkhash,KZ,46.844,74.9804,77.61,31,0,11.18,clear sky
498,Sovetskaya Gavan,RU,48.9723,140.2878,78.13,70,100,6.55,overcast clouds
499,Ahipara,NZ,-35.1667,173.1667,59.45,78,100,16.2,light rain
500,Haines Junction,CA,60.7522,-137.5108,60.75,51,100,5.75,overcast clouds
501,Duku,NG,11.2361,4.9073,71.55,96,94,4.97,overcast clouds
502,Ponnani,IN,10.767,75.9252,74.52,87,92,4.43,overcast clouds
503,Portland,US,45.5234,-122.6762,91.81,42,1,3.0,clear sky
504,Damghan,IR,36.1683,54.348,80.13,49,0,2.15,clear sky
505,Kinsale,IE,51.7075,-8.5306,61.97,94,20,4.61,few clouds
506,Sinegorye,RU,62.0788,150.477,60.93,82,100,8.01,overcast clouds
507,Lyngseidet,NO,69.5763,20.2189,50.47,98,100,2.39,overcast clouds
508,Bulgan,MN,48.8125,103.5347,64.63,62,100,4.43,overcast clouds
509,Waipawa,NZ,-41.4122,175.5153,57.83,62,0,10.13,clear sky
510,Slonim,BY,53.0867,25.3219,62.01,84,61,4.36,broken clouds
511,Tadine,NC,-21.55,167.8833,77.02,69,0,1.36,clear sky
512,Pietermaritzburg,ZA,-29.6168,30.3928,45.77,79,0,4.18,clear sky
513,Sterling,US,39.0062,-77.4286,79.29,74,90,1.01,overcast clouds
514,Pirgos,GR,35.1167,25.7178,76.68,68,0,19.35,clear sky
515,Zhangye,CN,38.9342,100.4517,73.51,63,100,5.14,overcast clouds
516,Port Macquarie,AU,-31.4333,152.9167,64.89,31,51,19.57,broken clouds
517,Tuatapere,NZ,-46.1333,167.6833,50.83,63,100,7.27,overcast clouds
518,Otofuke,JP,42.9917,143.2003,76.15,73,99,4.25,overcast clouds
519,Bom Jesus,BR,-9.0744,-44.3586,72.77,58,2,6.55,clear sky
520,Ust-Kuyga,RU,70.0167,135.6,63.66,46,40,12.1,scattered clouds
521,Smithers,CA,54.7804,-127.1743,68.32,45,20,18.41,few clouds
522,Botou,CN,38.0667,116.5667,89.83,52,1,6.06,clear sky
523,Baruun-Urt,MN,46.6806,113.2792,71.98,43,53,11.3,broken clouds
524,Hamilton,US,39.1834,-84.5333,80.94,74,1,1.01,clear sky
525,Arman,RU,59.7,150.1667,56.61,91,99,7.49,overcast clouds
526,Zalesovo,RU,53.9939,84.7431,66.09,92,100,4.23,overcast clouds
527,Nanakuli,US,21.3906,-158.1547,91.35,58,40,14.97,scattered clouds
528,Torbat-E Jam,IR,35.244,60.6225,80.31,16,0,12.3,clear sky
529,Oppdal,NO,62.5943,9.6912,57.69,79,33,2.44,scattered clouds
530,Mweka,CD,-4.85,21.5667,65.37,49,73,1.81,broken clouds
531,Vyazemskiy,RU,47.5378,134.7525,95.23,36,100,11.52,overcast clouds
532,Chilliwack,CA,49.1747,-121.9443,84.51,41,0,1.99,clear sky
533,Rocky Mountain House,CA,52.3668,-114.9188,76.75,49,62,1.14,broken clouds
534,Lata,PT,40.1629,-8.3327,60.06,95,19,1.36,few clouds
535,Fasa,IR,28.9383,53.6482,65.44,100,1,0.0,clear sky
536,Coihaique,CL,-45.5752,-72.0662,35.55,87,0,3.44,clear sky
537,Sao Miguel Do Araguaia,BR,-13.275,-50.1628,70.9,41,0,5.3,clear sky
538,Ossora,RU,59.2353,163.0719,60.66,84,100,7.96,overcast clouds
539,Laguna,US,38.421,-121.4238,103.32,27,1,5.99,clear sky
540,Baherden,TM,38.4362,57.4316,87.03,48,0,2.01,clear sky
541,Boguchany,RU,58.3814,97.4531,78.55,46,4,5.55,clear sky
542,Courtenay,CA,49.6866,-124.9936,84.99,39,20,4.61,few clouds
543,Amga,RU,60.8953,131.9608,75.42,52,35,9.31,scattered clouds
544,Hervey Bay,AU,-25.2986,152.8535,73.04,42,10,11.95,clear sky
545,Mazyr,BY,52.0495,29.2456,65.37,67,92,3.58,overcast clouds
546,Kavaratti,IN,10.5669,72.642,82.0,78,93,21.05,overcast clouds
547,Lodja,CD,-3.4833,23.4333,69.24,46,73,2.62,broken clouds
548,Altamont,US,42.2068,-121.7372,91.78,20,1,1.99,smoke
549,Kamenskiy,RU,50.8855,45.488,59.32,74,15,5.48,few clouds
550,Kamaishi,JP,39.2667,141.8833,83.35,72,38,8.25,scattered clouds
551,Kathmandu,NP,27.7167,85.3167,73.62,94,75,2.3,broken clouds
552,Alice,US,27.7523,-98.0697,89.02,70,1,9.22,clear sky
553,Pontianak,ID,-0.0333,109.3333,84.18,84,40,6.91,scattered clouds
554,Kasempa,ZM,-13.4584,25.8338,51.39,82,0,9.17,clear sky
555,Bagdarin,RU,54.4333,113.6,64.56,61,100,6.51,overcast clouds
556,Methoni,GR,36.8197,21.7049,77.22,63,0,3.2,clear sky
557,Pierre,US,44.3683,-100.351,90.52,44,1,4.0,clear sky
558,Komsomolskiy,UZ,40.4272,71.7189,83.12,32,0,2.3,clear sky
559,Rio Bueno,CL,-40.3167,-72.9667,46.54,94,100,2.75,overcast clouds
560,Kudahuvadhoo,MV,2.6708,72.8944,81.95,77,100,7.2,overcast clouds
561,Enumclaw,US,47.2043,-121.9915,83.43,49,0,4.0,clear sky
562,Salinopolis,BR,-0.6136,-47.3561,76.37,88,96,8.19,overcast clouds
563,Arraial Do Cabo,BR,-22.9661,-42.0278,69.71,76,0,23.2,clear sky
564,Luderitz,NA,-26.6481,15.1594,63.66,21,19,11.9,few clouds
565,Batemans Bay,AU,-35.7167,150.1833,61.11,36,7,15.3,clear sky
566,Galesong,ID,-5.3166,119.3661,78.82,54,9,4.18,clear sky
567,Khandyga,RU,62.6667,135.6,66.72,83,96,4.88,overcast clouds
568,Yichang,CN,30.7144,111.2847,87.39,61,0,1.01,light rain
569,Pangai,TO,-19.8,-174.35,78.15,77,0,2.39,clear sky
570,Machinga,MW,-15.1685,35.3,53.02,85,74,4.7,broken clouds
571,Ciudad Bolivar,VE,8.1222,-63.5497,78.24,87,100,4.21,overcast clouds
572,Novyy Urengoy,RU,66.0833,76.6333,54.9,85,98,6.33,overcast clouds
573,Mecca,SA,21.4267,39.8261,85.51,31,89,2.59,overcast clouds
574,Warwick,US,41.7001,-71.4162,70.52,86,92,4.29,overcast clouds
575,La Rioja,ES,42.25,-2.5,56.98,93,0,4.52,clear sky
576,Teya,RU,60.3778,92.6267,78.4,44,0,3.09,clear sky
577,Champerico,GT,14.3,-91.9167,83.73,76,77,2.62,broken clouds
578,Vung Tau,VN,10.346,107.0843,82.02,77,97,17.92,overcast clouds
579,Zatoka,UA,46.0725,30.4654,64.94,67,0,10.69,clear sky
580,Bastia,FR,42.6667,9.3333,76.33,91,75,2.3,broken clouds
581,Saint-Francois,FR,46.4154,3.9054,63.18,99,0,2.3,fog
582,Tinde,TZ,-3.8833,33.2,62.24,56,1,9.33,clear sky
583,Qandala,SO,11.472,49.8728,86.07,51,100,23.53,overcast clouds
584,Ballitoville,ZA,-29.539,31.2144,52.25,93,0,3.44,clear sky
585,Lachhmangarh,IN,27.8214,75.0251,87.44,65,57,12.5,broken clouds
586,Bourail,NC,-21.5667,165.4833,80.4,45,0,8.9,clear sky
587,San Quintin,MX,30.4833,-115.95,69.01,82,100,7.99,overcast clouds
588,Kampong Chhnang,KH,12.1667,104.55,80.11,78,100,5.48,overcast clouds
589,Harrison,US,30.4091,-89.0436,78.82,86,20,0.0,few clouds
590,Vilyuysk,RU,63.7553,121.6247,72.03,39,6,11.95,clear sky
591,Tsogni,GA,-2.7942,10.0988,69.84,85,93,1.5,overcast clouds
592,Bandarbeyla,SO,9.4942,50.8122,79.99,59,33,24.05,scattered clouds
593,Turukhansk,RU,65.8167,87.9833,73.72,54,0,17.49,clear sky
594,Sapa,PH,5.1544,120.3241,85.78,75,83,12.28,broken clouds
595,Cravo Norte,CO,6.3017,-70.2041,75.72,87,100,4.45,overcast clouds
596,Podgornoye,RU,51.735,39.1496,53.82,87,0,0.0,clear sky
597,Wasilla,US,61.5814,-149.4394,63.95,70,90,0.0,light rain
598,Ustrzyki Dolne,PL,49.4304,22.5938,64.13,100,39,4.41,scattered clouds
599,Gorontalo,ID,0.5412,123.0595,84.96,62,93,7.52,overcast clouds
600,Nizhneangarsk,RU,55.7833,109.55,66.04,49,52,8.21,broken clouds
601,Baker City,US,44.7749,-117.8344,91.92,21,1,9.22,clear sky
602,Barabai,ID,-2.5833,115.3833,85.89,49,8,0.51,clear sky
603,Olafsvik,IS,64.8945,-23.7142,49.66,78,95,9.66,overcast clouds
604,Jijiga,ET,9.35,42.8,58.62,78,99,23.58,overcast clouds
605,Det Udom,TH,14.906,105.0784,76.82,93,100,15.97,overcast clouds
606,Vardo,NO,70.3705,31.1107,46.26,85,97,25.64,overcast clouds
607,Bundaberg,AU,-24.85,152.35,73.22,21,5,10.0,clear sky
608,Vestmanna,FO,62.1564,-7.1664,49.12,100,90,8.05,mist
609,Cortez,US,37.3489,-108.5859,70.52,89,1,4.61,clear sky
610,Karasjok,NO,69.4719,25.5112,46.51,83,100,5.46,overcast clouds
611,Berlevag,NO,70.8578,29.0864,45.03,84,100,24.81,overcast clouds
612,Batsfjord,NO,70.6345,29.7185,44.67,88,100,24.27,overcast clouds
613,Samarai,PG,-10.6167,150.6667,80.04,83,97,14.83,overcast clouds
614,Shingu,JP,33.7333,135.9833,85.19,69,100,8.99,overcast clouds
615,Terrasini,IT,38.146,13.0844,79.43,38,0,2.3,clear sky
616,Rychvald,CZ,49.8662,18.3763,67.26,58,65,4.88,broken clouds
617,Meulaboh,ID,4.1363,96.1285,80.38,74,96,3.24,overcast clouds
618,Presque Isle,US,46.6811,-68.0159,70.23,68,1,5.75,clear sky
619,Costinesti,RO,43.95,28.6333,63.01,62,0,7.11,clear sky
620,Ushtobe,KZ,45.2514,77.9838,85.37,19,0,3.91,clear sky
621,General Roca,AR,-39.0333,-67.5833,41.4,39,92,4.94,overcast clouds
622,Ayan,RU,56.45,138.1667,59.65,90,88,5.26,overcast clouds
623,Batagay,RU,67.6333,134.6333,71.37,44,31,15.66,scattered clouds
624,Ferrol,ES,43.4832,-8.2369,62.67,85,99,4.92,overcast clouds
625,Parabel,RU,58.6978,81.4825,72.86,59,43,1.05,scattered clouds
626,Namuac,PH,18.6109,121.1657,85.28,72,100,14.74,overcast clouds
627,Khor,RU,47.8861,134.9464,95.09,39,100,10.54,overcast clouds
628,Bonavista,CA,48.6499,-53.1147,57.11,97,100,6.31,light rain
629,Bontang,ID,0.1333,117.5,83.25,68,94,7.09,overcast clouds
630,Beringovskiy,RU,63.05,179.3167,55.56,77,100,6.55,light rain
631,Tolaga Bay,NZ,-38.3667,178.3,56.77,72,86,11.14,overcast clouds
632,Nadym,RU,65.5333,72.5167,58.84,81,43,11.01,scattered clouds
633,Venice,US,27.0998,-82.4543,82.98,84,1,5.75,clear sky
634,Torres,BR,-29.3353,-49.7269,61.79,69,72,4.83,broken clouds
635,Kaseda,JP,31.4167,130.3167,85.23,76,100,18.52,overcast clouds
636,Kulhudhuffushi,MV,6.6221,73.07,79.83,85,96,20.65,light rain
637,Zemio,CF,5.0314,25.1361,67.01,96,68,2.46,broken clouds
638,Balotra,IN,25.8333,72.2333,84.42,74,98,16.8,overcast clouds
639,Babu,CN,24.4167,111.5167,87.57,68,34,4.72,scattered clouds
640,Cairns,AU,-16.9167,145.7667,84.07,63,74,16.11,broken clouds
641,Dunmore Town,BS,25.5,-76.65,82.35,76,100,10.67,overcast clouds
642,Capao Bonito,BR,-24.0058,-48.3494,53.55,57,0,2.35,clear sky
643,Emba,KZ,48.8264,58.1442,70.0,44,0,9.22,clear sky
644,Murray Bridge,AU,-35.1167,139.2667,56.43,66,23,21.61,few clouds
645,Mezhova,UA,48.2532,36.7347,62.64,63,0,4.18,clear sky
646,Cap Malheureux,MU,-19.9842,57.6142,70.29,78,9,3.0,clear sky
647,Marawi,PH,7.9986,124.2928,82.45,56,16,6.8,few clouds
648,Tilichiki,RU,60.4667,166.1,57.9,81,100,6.11,overcast clouds
649,Gotsu,JP,35.0,132.2167,82.54,59,100,2.51,overcast clouds
650,Bubaque,GW,11.2833,-15.8333,78.08,86,100,16.31,moderate rain
651,Escanaba,US,45.7453,-87.0646,76.96,61,1,5.75,clear sky
652,Basoko,CD,1.2391,23.616,73.4,82,96,1.03,overcast clouds
653,Buriti,BR,-22.9302,-45.3881,60.17,54,0,3.0,clear sky
654,Muros,ES,42.7762,-9.0603,63.23,93,86,3.71,overcast clouds
655,Were Ilu,ET,10.6,39.4333,52.07,96,100,2.86,overcast clouds
656,Lillehammer,NO,61.1146,10.4674,58.17,91,41,1.12,scattered clouds
657,Faya,SA,18.3851,42.4509,64.51,79,52,3.8,broken clouds
658,Matay,EG,28.419,30.7792,76.26,60,0,10.16,clear sky
659,Talant,FR,47.3369,5.0089,59.34,100,90,2.3,overcast clouds
660,Dawson Creek,CA,55.7666,-120.2362,73.04,33,1,13.8,clear sky
661,Deputatskiy,RU,69.3,139.9,56.53,52,27,13.13,scattered clouds
662,Presidencia Roque Saenz Pena,AR,-26.7852,-60.4388,78.44,36,43,11.01,scattered clouds
663,Albanel,CA,48.8832,-72.4487,71.74,49,100,11.5,overcast clouds
664,Phultala,BD,22.7,89.5167,83.95,83,92,5.03,overcast clouds
665,Huilong,CN,31.8111,121.655,79.03,93,100,39.64,light rain
666,Pamanukan,ID,-6.2842,107.8106,82.24,64,0,6.55,clear sky
667,Soyo,AO,-6.1349,12.3689,70.16,93,10,4.65,clear sky
668,Nalut,LY,30.3333,10.85,78.76,27,0,12.86,clear sky
669,Izhma,RU,65.0083,53.9113,44.74,97,100,6.96,overcast clouds
670,Jingdezhen,CN,29.2947,117.2079,86.16,64,51,7.54,light rain
671,Delray Beach,US,26.4615,-80.0728,82.99,84,20,3.44,few clouds
672,Ilebo,CD,-4.3167,20.5833,66.96,51,10,1.41,clear sky
673,Funadhoo,MV,6.15,73.2667,81.09,79,100,15.75,moderate rain
674,Omboue,GA,-1.5746,9.2618,72.97,78,100,4.92,overcast clouds
675,Agadir,MA,30.4202,-9.5982,70.25,72,6,4.52,clear sky
676,Santa Ines,BR,-3.6667,-45.38,74.28,56,11,1.66,few clouds
677,Padang,ID,-0.9492,100.3543,82.45,65,51,0.58,broken clouds
678,Grajau,BR,-5.8194,-46.1386,74.68,52,33,2.95,scattered clouds
679,Solnechnyy,RU,50.7214,136.6319,92.61,34,65,10.8,broken clouds
680,Pilar,BR,-9.5972,-35.9567,71.53,85,22,6.91,few clouds
681,Baloda,IN,22.15,82.4833,76.91,90,99,8.97,overcast clouds
682,Sauda,NO,59.6506,6.3542,60.67,83,5,3.0,clear sky
683,Antofagasta,CL,-23.65,-70.4,56.48,72,22,7.94,few clouds
684,Beidao,CN,34.5686,105.8933,75.76,75,99,2.66,overcast clouds
685,Mananara,MG,-16.1667,49.7667,65.88,89,91,6.78,overcast clouds
686,Bakchar,RU,57.0186,82.0711,72.0,57,15,2.44,few clouds
687,Richards Bay,ZA,-28.783,32.0377,52.81,77,13,4.9,few clouds
688,Ternate,ID,0.8,127.4,83.95,73,79,9.71,broken clouds
689,Itacoatiara,BR,-3.1431,-58.4442,80.11,63,100,2.28,overcast clouds
690,Honningsvag,NO,70.9821,25.9704,45.59,80,100,21.92,overcast clouds
691,Nkpor,NG,6.1516,6.8446,70.23,89,75,3.22,broken clouds
692,Tonj,SS,7.2737,28.6822,69.3,96,100,4.25,overcast clouds
693,Warrington,GB,53.3925,-2.5802,60.8,80,100,1.01,overcast clouds
